Input Filename,Sequence,target_id,length,eff_length,est_counts,tpm
CSM7KORG,ATGAAAGAACTAAATTTGAAACAGATGGAATCTGTCAATGGTGGTCTGGA,k105_18087_target,393,263.041,0.0,0.0
HSM7J4MC,ATGAAAGAACTAAATTTGAAACAGATGGAATCTGTCAATGGTGGTCTGGA,k105_8447_target,222,84.9642,4.0,7.05166
MSM79H5G,TTTTTAATATTATTATTTATGAAAGAACTAAATTTGAAACAGATGGAATC,k105_7_target,240,104.419,3.0,6.20121
PSM6XBSE,ATGAAAGAACTAAATTTGAAACAGATGGAATCTGTCAATGGTGGTCTGGA,k105_15809_target,222,84.8354,4.0,35.5395
HSMA33OZ,ATGAAAGAACTAAATTTGAAACAGATGGAATCTGTCAATGGTGGTCTGGA,k105_9686_target,222,74.2122,3.0,17.5351
MSM9VZNX,ATGAAAGAACTAAATTTGAAACAGATGGAATCTGTCAATGGTGGTCTGGA,k105_30004_target,381,246.081,5.0,3.69193
MSM9VZIY,ATGAAAAAATTGAAAGGAAATGCTTTGATGCAGGAACTGAATGTGAATGA,k105_8112_target,189,64.5889,0.0,0.0
PSMA2668,ATGAAAGAGTTAACACTGAACGAAATGGAGTATATCTCCGGTGGCTTTAA,k105_19130_target,363,181.578,0.0,0.0
CSM7KORG,ATGCCGTCGCGTACTACAACCCGGTACGTCTACATAATCAGGAAGATTAT,k105_18087_target,393,263.041,0.0,0.0
MSM9VZHB,ATGCCATCGCGTACTACAACCCGGTACGTCTACTTAATCAGGAAGATTAT,k105_36643_target,342,219.777,0.0,0.0
MSM9VZHX,ATGAAAGAACTAAATTTGAAACAGATGGAATCTGTCAATGGTGGTCTGGA,k105_20940_target,249,91.4876,4.0,17.5617
HSMA33SK,ATGAAAGAACTAAATTTGAAACAGATGGAATCTGTCAATGGTGGTCTGGA,k105_3151_target,222,77.1788,3.0,13.5884
MSM79HAH,ATGAAAGAACTAAATTTGAAACAGATGGAATCTGTCAATGGTGGTCTGGA,k105_40021_target,222,89.4136,8.0,7.57324
HSM7J4KC,ATGAAAGAACTAAATTTGAAACAGATGGAATCTGTCAATGGTGGTCTGGA,k105_409_target,222,104.87,8.0,9.53476
HSM6XRVO,ATGAAAGAACTAAATTTGAAACAGATGGAATCTGTCAATGGTGGTCTGGA,k105_20323_target,222,103.145,6.0,9.68558
MSM9VZHX,ATGAAAAAATTAGGAAAATTAAAGCTGAACAATTTCAGTGAAATGAGTGA,k105_20940_target,249,91.4876,4.0,17.5617
HSM7J4JJ,ATGAACACATTATTGGTAAATGATTTTTGTGAACTTTCAGAAAATGAGTT,k105_93_target,198,71.585,0.0,0.0
HSM7J4HC,ATGAAAGAACTAAATTTGAAACAGATGGAATCTGTCAATGGTGGTCTGGA,k105_14873_target,222,87.8026,5.0,4.39732
HSMA33KU,ATGAACACATTATTGGTAAATGATTTTTGTGAACTTTCAGAAAATGAGTT,k105_18889_target,198,81.4646,0.0,0.0
PSMA2668,TTGATAATGAAAGAATTAAATTGTGCTGAAATTGAACTGGTTTCCGGTGC,k105_19130_target,363,181.578,0.0,0.0
MSM9VZNX,ATGCGAGAAATAACAGAATCACAGTTAAGATATATTTCCGGGGCGGGAGG,k105_30004_target,381,246.081,5.0,3.69193
CSM9X22K,AAAAAATATTATTCATTAATTTATGAACCCATGAAAAAATTAGGAAAATT,k105_22495_target,279,122.931,0.0,0.0
CSM79HIT,ATGAAAGAACTAAATTTGAAACAGATGGAATCTGTCAATGGTGGTCTGGA,k105_33533_target,222,92.648,1.0,5.51831
PSM7J14L,ATGGAAAAGTTAATGGTATTAAATGAAGAAAAATTGAGTTATGTAATTGG,k105_10701_target,363,215.998,0.0,0.0
MSM9VZNX,ATGAAAGAACTAAATTTGAAACAGATGGAATCTGTCAATGGTGGTCTGGA,k105_30004_target,381,246.081,5.0,3.69193
PSM6XBQU,ATGAAAGAACTAAATTTGAAACAGATGGAATCTGTCAATGGTGGTCTGGA,k105_3926_target,222,84.2102,0.0,0.0
HSMA33LJ,ATGAAAGAACTAAATTTGAAACAGATGGAATCTGTCAATGGTGGTCTGGA,k105_1216_target,222,93.28,3.0,2.79246
HSM7J4NS,ATGAAAGAACTAAATTTGAAACAGATGGAATCTGTCAATGGTGGTCTGGA,k105_13758_target,222,100.25,0.0,0.0
HSMA33OJ,ATGAAAGAACTAAATTTGAAACAGATGGAATCTGTCAATGGTGGTCTGGA,k105_40111_target,222,88.2894,10.0,15.7235
PSM6XBSU,ATGAAAGAACTAAATTTGAAACAGATGGAATCTGTCAATGGTGGTCTGGA,k105_21872_target,222,85.5203,0.0,0.0
MSM9VZKI,ATGAAAGAACTAAATTTGAAACAGATGGAATCTGTCAATGGTGGTCTGGA,k105_19288_target,249,106.311,3.0,5.82524
HSMA33PZ,ATGAAAGAACTAAATTTGAAACAGATGGAATCTGTCAATGGTGGTCTGGA,k105_9116_target,222,86.1809,41.0,126.43
MSM9VZKI,ATGAAAAAATTAGGAAAATTAAAGCTGAACAATTTCAGTGAAATGAGTGA,k105_19288_target,249,106.311,3.0,5.82524
CSM7KOK5,ATGAAAGAACTAAATTTGAAACAGATGGAATCTGTCAATGGTGGTCTGGA,k105_18797_target,222,90.6359,13.0,48.2548
HSMA33IK,ATGAAAGAACTAAATTTGAAACAGATGGAATCTGTCAATGGTGGTCTGGA,k105_13488_target,222,97.21,13.0,42.0153
CSM7KOOF,ATGAAAGAACTAAATTTGAAACAGATGGAATCTGTCAATGGTGGTCTGGA,k105_4599_target,222,97.3065,7.0,10.5982
CSM7KOU9,GGACCCTGGCAGAAAAAAATAACGGAAAGGAGCTCGACCATGGAACTCAG,k105_12059_target,249,136.508,0.0,0.0
PSMA265L,GTGCCGCTTATGAGAAAACTGTCTAAAAAAGAAGCAAAAAACGTAACGGG,k105_42384_target,150,45.5562,0.0,0.0
HSMA33M8,ATGAAAGAACTAAATTTGAAACAGATGGAATCTGTCAATGGTGGTCTGGA,k105_15342_target,222,84.0596,6.0,9.51079
CSM7KOO5,ATGAAAGAACTAAATTTGAAACAGATGGAATCTGTCAATGGTGGTCTGGA,k105_24195_target,222,91.0777,1.0,1.80599
MSM9VZMI,ATGAAAGAACTAAATTTGAAACAGATGGAATCTGTCAATGGTGGTCTGGA,k105_1817_target,249,123.705,0.0,0.0
CSM7KOPW,ATGAAAGAACTAAATTTGAAACAGATGGAATCTGTCAATGGTGGTCTGGA,k105_12175_target,222,106.77,114.0,256.297
CSM7KORG,ATGCCGTCGCGTACTACAACCCGGTACGTCTACATAATCAGGAAGATTAT,k105_18087_target,393,263.041,0.0,0.0
MSM9VZNX,TTGCGAGTGTACTGTTTTTATTTGTTTTATCTTTCTTTAATAAAAAGAGG,k105_30004_target,381,246.081,5.0,3.69193
MSM79HFY,ATGAAAGAACTAAATTTGAAACAGATGGAATCTGTCAATGGTGGTCTGGA,k105_24353_target,222,86.1505,7.0,16.0534
MSM9VZMI,ATGAAAAAATTAGGAAAATTAAAGCTGAACAATTTCAGTGAAATGAGTGA,k105_1817_target,249,123.705,0.0,0.0
CSM67UFZ,ATGAAAGAACTAAATTTGAAACAGATGGAATCTGTCAATGGTGGTCTGGA,k105_7464_target,222,87.8525,1.0,2.22184
PSM7J1BF,ATGAAAGAACTAAATTTGAAACAGATGGAATCTGTCAATGGTGGTCTGGA,k105_8577_target,222,100.482,0.0,0.0
HSM6XRSN,ATGAAAGAACTAAATTTGAAACAGATGGAATCTGTCAATGGTGGTCTGGA,k105_28538_target,222,76.8081,2.0,10.3564
CSM7KORG,ATGAAAGAACTAAATTTGAAACAGATGGAATCTGTCAATGGTGGTCTGGA,k105_18087_target,393,263.041,0.0,0.0
PSM7J163,ATGGAAAAGTTAATGGTATTAAATGAAGAAAAATTGAGTTATGTAATTGG,k105_8580_target,363,231.327,0.0,0.0
HSM7J4GR,ATGAAAGAACTAAATTTGAAACAGATGGAATCTGTCAATGGTGGTCTGGA,k105_33738_target,222,79.0259,0.0,0.0
PSM7J17F,ATGAAAGAGTTAACACTGAACGAAATGGAGTATATCTCCGGTGGCTTTAA,k105_28_target,363,165.203,0.0,0.0
MSMAPC64,TTGATTTTGGATGGAGGGATATTTTTGATGGAAGACGAAATAACAAAAAG,k105_18406_target,219,115.577,0.0,0.0
HSM7CZ3E,ATGAAAGAACTAAATTTGAAACAGATGGAATCTGTCAATGGTGGTCTGGA,k105_26984_target,222,223.0,0.0,
MSM6J2KM,ATGAAAGAACTAAATTTGAAACAGATGGAATCTGTCAATGGTGGTCTGGA,k105_14977_target,222,84.5023,3.0,3.75072
CSM79HIB,ATGAAAGAGTTAACACTGAACGAAATGGAGTATATCTCCGGTGGCTTTAA,k105_22372_target,363,187.61,0.0,0.0
HSM6XRUN,ATGAAAGAACTAAATTTGAAACAGATGGAATCTGTCAATGGTGGTCTGGA,k105_7671_target,222,64.4812,5.0,20.3089
MSMAPC5L,ATGAAAGAACTAAATTTGAAACAGATGGAATCTGTCAATGGTGGTCTGGA,k105_15012_target,222,103.606,21.0,16.8519
PSM7J18Q,ATGAAAGAACTAAATTTGAAACAGATGGAATCTGTCAATGGTGGTCTGGA,k105_32257_target,222,85.9666,5.0,45.6386
HSMA33RX,ATGAAAGAACTAAATTTGAAACAGATGGAATCTGTCAATGGTGGTCTGGA,k105_37421_target,222,105.136,23.0,19.6488
ESM5MEBG,ATGAAAGAACTAAATTTGAAACAGATGGAATCTGTCAATGGTGGTCTGGA,k105_21782_target,222,91.2112,13.0,30.3629
MSMB4LZR,ATGAAAGAACTAAATTTGAAACAGATGGAATCTGTCAATGGTGGTCTGGA,k105_6835_target,222,93.7841,0.0,0.0
ESM5MEDF,ATGGAACTCAGCGAAGAACTGATTGCAAAAGCAAAAGGAACAAAGACACC,k105_19596_target,390,264.365,0.0,0.0
CSM79HJW,ATGAAAGAACTAAATTTGAAACAGATGGAATCTGTCAATGGTGGTCTGGA,k105_5754_target,222,81.2342,27.0,167.844
PSM7J14L,ATGAAAGAGTTAACACTGAACGAAATGGAGTATATCTCCGGTGGCTTTAA,k105_10701_target,363,215.998,0.0,0.0
CSM7KORU,ATGAAAGAACTAAATTTGAAACAGATGGAATCTGTCAATGGTGGTCTGGA,k105_30302_target,222,76.6203,0.0,0.0
CSM7KOKD,ATGAAAGAACTAAATTTGAAACAGATGGAATCTGTCAATGGTGGTCTGGA,k105_12207_target,222,107.163,6.0,7.39899
CSM7KOPU,ATGAAAGAACTAAATTTGAAACAGATGGAATCTGTCAATGGTGGTCTGGA,k105_15789_target,222,96.0078,43.0,57.7802
CSM79HH4,ATGAAAGAACTAAATTTGAAACAGATGGAATCTGTCAATGGTGGTCTGGA,k105_15446_target,222,95.9208,1.0,1.14343
MSM79HAJ,ATGCAACTCGCCACACTTCAGGAACTGAGCTTCGATGAAATCGACCAGGT,k105_78008_target,363,258.954,0.0,0.0
HSM7J4I3,ATGAAAGAACTAAATTTGAAACAGATGGAATCTGTCAATGGTGGTCTGGA,k105_25232_target,222,80.0994,7.0,35.6756
MSM9VZEK,ATGAAAGAACTAAATTTGAAACAGATGGAATCTGTCAATGGTGGTCTGGA,k105_8570_target,222,78.318,2.0,9.62028
HSM7CZ14,ATGAAAGAACTAAATTTGAAACAGATGGAATCTGTCAATGGTGGTCTGGA,k105_9601_target,222,76.572,2.0,14.6182
CSM67UBH,ATGAAAGAACTAAATTTGAAACAGATGGAATCTGTCAATGGTGGTCTGGA,k105_13018_target,222,78.4426,25.0,206.199
HSM6XRUL,ATGAAAGAACTAAATTTGAAACAGATGGAATCTGTCAATGGTGGTCTGGA,k105_12725_target,222,82.1963,13.0,26.782
HSM6XRQM,ATGAAAGAACTAAATTTGAAACAGATGGAATCTGTCAATGGTGGTCTGGA,k105_28003_target,390,258.504,0.0,0.0
MSM5LLDI,ATGAAAAAATTAGGAAAATTAAAGCTGAACAATTTCAGTGAAATGAGTGA,k105_2857_target,249,129.522,1.0,17.1593
CSM79HIB,ATGAAAGAGTTAACTATCAACGAAATGGAATCTATCGCAGGCGCTTACAG,k105_22372_target,363,187.487,0.0,0.0
CSM79HPS,CCCTTAGTATACATAAAAAGGCGGCATCCGAAAAGCCATAATAGAGTAGG,k105_21595_target,294,141.484,2.0,10.3917
HSM7J4K2,ATGAAAGAACTAAATTTGAAACAGATGGAATCTGTCAATGGTGGTCTGGA,k105_13566_target,222,82.9201,1.0,1.7893
HSM7J4O3,ATGGAACTCAGCGAAGAACTGATTGCAAAAGCAAAAGGAACAAAGACACC,k105_15540_target,390,228.628,0.0,0.0
HSM6XRQM,ATGAAAGAACTAAATTTGAAACAGATGGAATCTGTCAATGGTGGTCTGGA,k105_28003_target,390,258.504,0.0,0.0
HSM7J4MA,ATGAAAGAACTAAATTTGAAACAGATGGAATCTGTCAATGGTGGTCTGGA,k105_990_target,222,87.5843,4.0,6.60144
MSMAPC6A,ATGAAAAAATTGAAAGGAAATGCTTTGATGCAGGAACTGAATGTGAATGA,k105_26313_target,189,66.1587,0.0,0.0
CSM5MCXD,ATGAAAGAACTAAATTTGAAACAGATGGAATCTGTCAATGGTGGTCTGGA,k105_32284_target,222,100.541,14.0,30.5742
PSM7J17F,ATGAAAGAGTTAACTATCAACGAAATGGAATCTATCGCAGGCGCTTACAG,k105_28_target,363,165.203,0.0,0.0
PSM7J17L,ATGAAAGAGTTAAGTAATGAAGAATTGAAAAATGTGAATGGTGGTATAGG,k105_48823_target,222,84.0395,0.0,0.0
CSM5MCZD,ATGAAAGAACTAAATTTGAAACAGATGGAATCTGTCAATGGTGGTCTGGA,k105_50545_target,222,84.4473,0.0,0.0
PSMA265N,ATGAAAGAACTAAATTTGAAACAGATGGAATCTGTCAATGGTGGTCTGGA,k105_15532_target,222,85.212,3.0,5.01307
MSM79H7M,ATGAAAAAATTAGGAAAATTAAAGCTGAACAATTTCAGTGAAATGAGTGA,k105_4352_target,249,130.069,0.0,0.0
HSMA33SI,ATGAAAGAACTAAATTTGAAACAGATGGAATCTGTCAATGGTGGTCTGGA,k105_23654_target,222,90.3837,0.0,0.0
PSM7J163,ATGCCATCGCGTACTACAACCCGGTACGTCTACTTAATCAGGAAGATTAT,k105_8580_target,363,231.327,0.0,0.0
PSMA2668,ATGAAAGAACTAAATCAGGAACAATTATTATCTGTTTCAGGTGCCGGGAT,k105_19130_target,363,181.578,0.0,0.0
CSM79HRG,ATGAAAGAACTAAATTTGAAACAGATGGAATCTGTCAATGGTGGTCTGGA,k105_21523_target,222,104.011,1.0,3.7084
CSM67UAY,ATGAAAGAACTAAATTTGAAACAGATGGAATCTGTCAATGGTGGTCTGGA,k105_29311_target,222,78.9898,3.0,38.3249
HSM7J4KQ,ATGAAAGAACTAAATTTGAAACAGATGGAATCTGTCAATGGTGGTCTGGA,k105_24290_target,222,91.7728,32.0,88.0225
CSM79HIV,ATGAAAGAACTAAATTTGAAACAGATGGAATCTGTCAATGGTGGTCTGGA,k105_40229_target,222,83.3717,15.0,37.4391
PSM7J19B,ATGAAAGAACTAAATTTGAAACAGATGGAATCTGTCAATGGTGGTCTGGA,k105_51270_target,222,91.9754,0.0,0.0
HSMA33QY,ATGAAAGAACTAAATTTGAAACAGATGGAATCTGTCAATGGTGGTCTGGA,k105_786_target,222,84.1675,4.0,22.6882
HSM7J4HQ,ATGAAAGAACTAAATTTGAAACAGATGGAATCTGTCAATGGTGGTCTGGA,k105_7815_target,222,81.9528,1.0,7.49849
HSM7CZ1V,ATGAAAGAACTAAATTTGAAACAGATGGAATCTGTCAATGGTGGTCTGGA,k105_29699_target,222,80.8039,1.0,2.07705
MSM79H9M,ATGAAAGAACTAAATTTGAAACAGATGGAATCTGTCAATGGTGGTCTGGA,k105_44493_target,222,101.708,17.0,25.818
HSM6XRQM,ATGCCGTCGCGTACTACAACCCGGTACGTCTACATAATCAGGAAGATTAT,k105_28003_target,390,258.504,0.0,0.0
HSM67VFJ,ATGAAAGAGTTAACACTGAACGAAATGGAGTATATCTCCGGTGGCTTTAA,k105_6951_target,333,186.174,0.0,0.0
HSMA33LH,ATGAAAGAACTAAATTTGAAACAGATGGAATCTGTCAATGGTGGTCTGGA,k105_15887_target,222,102.25,34.0,36.1001
MSM9VZNX,ATGAGAGAAATATCAGATCACATGCTTGATTTCGTGAAAAGAGGGATGAA,k105_30004_target,381,246.081,5.0,3.69193
MSM9VZLJ,ATGAAAGAACTAAATTTGAAACAGATGGAATCTGTCAATGGTGGTCTGGA,k105_100473_target,222,108.342,1.0,1.19642
CSM7KOJG,ATGAAAGAGTTAACACTGAACGAAATGGAGTATATCTCCGGTGGCTTTAA,k105_21717_target,363,221.706,0.0,0.0
MSM6J2MB,ATGGCAGGTATAAGAGAATTAACTTTAGATGAGATAACGCTTGTCAGCGG,k105_4170_target,363,206.765,0.0,0.0
PSM7J15W,ATGAAAGAACTAAATTTGAAACAGATGGAATCTGTCAATGGTGGTCTGGA,k105_31973_target,222,94.6705,0.0,0.0
MSM79HAJ,ATGAAAGAATTAAATATAAATGAAATGAAAAGTATTGAAGGGGGAACTGG,k105_78008_target,363,258.954,0.0,0.0
HSM7J4GD,ATGAAAGAACTAAATTTGAAACAGATGGAATCTGTCAATGGTGGTCTGGA,k105_3585_target,222,77.9605,31.0,47.7087
HSM5MD5P,ATGAAAGAACTAAATTTGAAACAGATGGAATCTGTCAATGGTGGTCTGGA,k105_1256_target,222,111.014,2.0,1.10484
CSM7KORG,ATGCCGTCGCGTACTACAACCCGGTACGTCTACATAATCAGGAAGATTAT,k105_18087_target,393,263.041,0.0,0.0
MSMA26BR,ATGAAAGAACTAAATTTGAAACAGATGGAATCTGTCAATGGTGGTCTGGA,k105_43865_target,222,81.4786,25.0,57.0791
HSMA33L1,ATGAACACATTATTGGTAAATGATTTTTGTGAACTTTCAGAAAATGAGTT,k105_65455_target,198,83.917,0.0,0.0
PSM7J154,ATGAAAGAACTAAATTTGAAACAGATGGAATCTGTCAATGGTGGTCTGGA,k105_54205_target,222,101.968,0.0,0.0
HSM5MD73,ATGAAAGAACTAAATTTGAAACAGATGGAATCTGTCAATGGTGGTCTGGA,k105_36151_target,222,93.5497,7.0,29.9598
HSM7J4JD,ATGAAAGAACTAAATTTGAAACAGATGGAATCTGTCAATGGTGGTCTGGA,k105_13621_target,222,95.4288,25.0,82.4215
HSM5MD53,ATGAAAGAACTAAATTTGAAACAGATGGAATCTGTCAATGGTGGTCTGGA,k105_12178_target,222,103.291,0.0,0.0
PSM7J163,ATGAAAGAGTTAACACTGAACGAAATGGAGTATATCTCCGGTGGCTTTAA,k105_8580_target,363,231.327,0.0,0.0
CSM7KOR2,ATGAAAGAACTAAATTTGAAACAGATGGAATCTGTCAATGGTGGTCTGGA,k105_22860_target,222,85.7074,0.0,0.0
HSM7J4LD,ATGAAAGAACTAAATTTGAAACAGATGGAATCTGTCAATGGTGGTCTGGA,k105_2112_target,222,90.7406,0.0,0.0
PSM7J163,TTGATAATGAAAGAATTAAATTGTGCTGAAATTGAACTGGTTTCCGGTGC,k105_8580_target,363,231.327,0.0,0.0
MSM5LLDC,CTCAATATCCGCATTCGAAAGATAACCGAAAATGAAATTCAAAAAGTGAT,k105_10163_target,69,11.0159,0.0,0.0
MSM79HAJ,TTGAAAAAATCTCAAAGGAGTTATCAGGTGCGCGAACTAAGCATCATTGA,k105_78008_target,363,258.954,0.0,0.0
PSM7J14L,ATGAAAGAGTTAACTATCAACGAAATGGAATCTATCGCAGGCGCTTACAG,k105_10701_target,363,215.998,0.0,0.0
HSM7CZ3C,ATGAAAGAACTAAATTTGAAACAGATGGAATCTGTCAATGGTGGTCTGGA,k105_15164_target,222,92.1329,0.0,0.0
MSM79HAJ,TTGAAAAAATCTCAAAGGAGTTATCAGGTGCGCGAACTAAGCATCATTGA,k105_78008_target,363,258.954,0.0,0.0
CSM79HI7,ATGAAAGAGTTAACACTGAACGAAATGGAGTATATCTCCGGTGGCTTTAA,k105_10292_target,363,213.405,0.0,0.0
MSM79H9Y,ATGAAAAAAATAGGAAAATTAAAGCTGAACAATTTCAGTGAAATGAGTGA,k105_90823_target,249,130.436,0.0,0.0
PSM7J14L,ATGAAAATTGTAATTAGAAGTTTTATAAAGGCGAAAAACATGAACAAATT,k105_10701_target,363,215.998,0.0,0.0
HSM7CYZT,ATGAAAGAACTAAATTTGAAACAGATGGAATCTGTCAATGGTGGTCTGGA,k105_1592_target,222,71.5959,0.0,0.0
MSMAPC59,ATGAAAGAACTAAATTTGAAACAGATGGAATCTGTCAATGGTGGTCTGGA,k105_34700_target,222,93.2453,4.0,6.50163
HSM7J4J7,ATGAAAGAACTAAATTTGAAACAGATGGAATCTGTCAATGGTGGTCTGGA,k105_20855_target,222,87.9438,67.0,157.902
PSM7J14L,TTGATAATGAAAGAATTAAATTGTGCTGAAATTGAACTGGTTTCCGGTGC,k105_10701_target,363,215.998,0.0,0.0
HSM7J4QT,ATGAAAGAACTAAATTTGAAACAGATGGAATCTGTCAATGGTGGTCTGGA,k105_20817_target,222,106.297,1.0,1.96886
MSM79HAJ,ATGGGAAGCCTAAAGGAGATATATGAAATGAAAGAACTCAATGACATTGA,k105_78008_target,363,258.954,0.0,0.0
HSM7J4N6,ATGAAAGAACTAAATTTGAAACAGATGGAATCTGTCAATGGTGGTCTGGA,k105_18731_target,222,80.4094,31.0,167.02
HSM7J4JJ,ATGAACACATTATTGGTAAATGATTTTTGTGAACTTTCAGAAAATGAGTT,k105_93_target,198,71.585,0.0,0.0
MSMAPC5D,ATGAACACATTATTGGTAAATGATTTTTGTGAACTTTCAGAAAATGAGTT,k105_16407_target,222,92.7421,0.0,0.0
HSMA33KE,ATGAAAGAACTAAATTTGAAACAGATGGAATCTGTCAATGGTGGTCTGGA,k105_29222_target,222,82.1928,15.0,40.5601
HSM5MD62,ATGAAAGAACTAAATTTGAAACAGATGGAATCTGTCAATGGTGGTCTGGA,k105_7224_target,222,87.3895,7.0,32.1866
PSMA267J,ATGAAAGAACTAAATTTGAAACAGATGGAATCTGTCAATGGTGGTCTGGA,k105_33508_target,222,85.3061,0.0,0.0
PSM7J14L,ATGAAAATTGTAATTAGAAGTTTTATAAAGGCGAAAAACATGAACAAATT,k105_10701_target,363,215.998,0.0,0.0
PSMA2668,ATGGAAAAGTTAATGGTATTAAATGAAGAAAAATTGAGTTATGTAATTGG,k105_19130_target,363,181.578,0.0,0.0
HSM7J4ME,ATGAAAGAACTAAATTTGAAACAGATGGAATCTGTCAATGGTGGTCTGGA,k105_1746_target,222,85.7516,0.0,0.0
PSM7J15Q,ATGGAAAAAGTCTATGGATATTATGGGTATACCTTTTGCTCACTATTGCA,k105_22109_target,348,218.455,0.0,0.0
CSM5MCX3,ATGAAAGAACTAAATTTGAAACAGATGGAATCTGTCAATGGTGGTCTGGA,k105_54583_target,312,153.95,1.0,2.56967
MSM9VZNX,ATGAGAGAAATATCAGATCACATGCTTGATTTCGTGAAAAGAGGGATGAA,k105_30004_target,381,246.081,5.0,3.69193
HSM6XRSI,ATGAAAGAACTAAATTTGAAACAGATGGAATCTGTCAATGGTGGTCTGGA,k105_9798_target,342,203.91,0.0,0.0
HSM6XRQI,ATGAAAGAACTAAATTTGAAACAGATGGAATCTGTCAATGGTGGTCTGGA,k105_11830_target,222,86.1301,6.0,34.32
HSM7J4NE,ATGAAAGAACTAAATTTGAAACAGATGGAATCTGTCAATGGTGGTCTGGA,k105_48219_target,222,75.7191,0.0,0.0
HSM7J4OE,ATGAAAGAACTAAATTTGAAACAGATGGAATCTGTCAATGGTGGTCTGGA,k105_33482_target,222,90.2553,0.0,0.0
HSM5MD6A,ATGAAAGAACTAAATTTGAAACAGATGGAATCTGTCAATGGTGGTCTGGA,k105_27751_target,222,109.83,3.0,3.34464
CSM7KON2,ATGAAAGAACTAAATTTGAAACAGATGGAATCTGTCAATGGTGGTCTGGA,k105_11920_target,222,105.879,0.0,0.0
HSM7J4NY,GCGTACTTTGACCGGCTGCATCCCCAGACCGGCGAGCTGTCCGACGACGA,k105_32696_target,306,159.919,0.0,0.0
MSM6J2QR,TTGATGTATTGTAAAATTATTAATGTTATGAAAAGAGAACTTTCAAGAGA,k105_12806_target,222,102.247,0.0,0.0
HSMA33RX_TR,ATGAAAGAACTAAATTTGAAACAGATGGAATCTGTCAATGGTGGTCTGGA,k105_42501_target,222,95.9823,1.0,1.68009
CSM7KORG,ATGCTACTTTTCGCCTCGGGTTTACACCCGTTTGGGAAATATTCACTACA,k105_18087_target,393,263.041,0.0,0.0
MSM9VZJ3,ATGAAAAAATTGAAAGGAAATGCTTTGATGCAGGAACTGAATGTGAATGA,k105_5040_target,189,73.6912,2.0,5.37371
MSM79H7Y,ATGAAAGAACTAAATTTGAAACAGATGGAATCTGTCAATGGTGGTCTGGA,k105_71425_target,222,107.647,3.0,3.3097
HSM7J4HU,ATGAAAGAACTAAATTTGAAACAGATGGAATCTGTCAATGGTGGTCTGGA,k105_3202_target,222,109.239,0.0,0.0
CSM67UEA,ATACTTATCAGTTTGAGTAAGACTGAATTACAGAACATTAATGGTGGAGA,k105_49248_target,162,48.5045,0.0,0.0
PSM7J12R,ATGAAAGAGTTAACACTGAACGAAATGGAGTATATCTCCGGTGGCTTTAA,k105_3479_target,429,282.857,3.0,2.60631
PSM7J19F,ATGAAAGAACTAAATTTGAAACAGATGGAATCTGTCAATGGTGGTCTGGA,k105_9166_target,222,89.2949,3.0,8.88059
MSM6J2PK,ATGAAAGAACTAAATTTGAAACAGATGGAATCTGTCAATGGTGGTCTGGA,k105_29256_target,222,94.1548,0.0,0.0
MSMB4LXY,ATGAAAAAATTGAAAGGAAATGCTTTGATGCAGGAACTGAATGTGAATGA,k105_28766_target,189,79.1676,0.0,0.0
PSM7J14L,ATGCCATCGCGTACTACAACCCGGTACGTCTACTTAATCAGGAAGATTAT,k105_10701_target,363,215.998,0.0,0.0
CSM79HRC,ATGAAAGAACTAAATTTGAAACAGATGGAATCTGTCAATGGTGGTCTGGA,k105_25202_target,222,103.254,0.0,0.0
MSMB4LXW,ATGAAAGAACTAAATTTGAAACAGATGGAATCTGTCAATGGTGGTCTGGA,k105_12632_target,222,118.065,4.0,5.32094
MSMAPC6G,ATGAAAAAATTGAAAGGAAATGCTTTGATGCAGGAACTGAATGTGAATGA,k105_5609_target,189,74.1959,0.0,0.0
HSM6XRV8,AGGCGGCATCCGAAAAGCCATAATAGAGTAGGATTTTTTTTAATATTATT,k105_51476_target,276,154.241,5.0,2.89192
HSMA33QO,ATGAAAGAACTAAATTTGAAACAGATGGAATCTGTCAATGGTGGTCTGGA,k105_24219_target,222,75.1219,2.0,4.88181
MSM9VZNX,ATGCGAGAAATAACAGAATCACAGTTAAGATATATTTCCGGGGCGGGAGG,k105_30004_target,381,246.081,5.0,3.69193
PSM7J14L,ATGAGTAAAGTTGAAGTTTTGAATGAAGAAGAATTGACTACTGTAGTTGG,k105_10701_target,363,215.232,0.0,0.0
CSM79HI7,ATGAAAGAGTTAACTATCAACGAAATGGAATCTATCGCAGGCGCTTACAG,k105_10292_target,363,213.405,0.0,0.0
PSM7J163,ATGATTGAAATTACTTCTCAGGATTTAACAGTAGTCTCAGGAGCTGGTGA,k105_8580_target,363,231.327,0.0,0.0
HSM6XRQ8,ATGAAAGAACTAAATTTGAAACAGATGGAATCTGTCAATGGTGGTCTGGA,k105_29747_target,222,93.9692,1.0,1.44222
MSM79HAL,ATGAAAGAACTAAATTTGAAACAGATGGAATCTGTCAATGGTGGTCTGGA,k105_33782_target,222,87.2916,0.0,0.0
HSM7J4N4,ATGAAAGAACTAAATTTGAAACAGATGGAATCTGTCAATGGTGGTCTGGA,k105_55474_target,222,88.5461,18.0,19.8819
CSM79HGP,ATGAAAGAACTAAATTTGAAACAGATGGAATCTGTCAATGGTGGTCTGGA,k105_12600_target,222,75.1055,7.0,33.023
MSM9VZFL,ATGAAAGAACTAAATTTGAAACAGATGGAATCTGTCAATGGTGGTCTGGA,k105_41828_target,249,110.501,0.0,0.0
HSM6XRQK,ATGAAAGAACTAAATTTGAAACAGATGGAATCTGTCAATGGTGGTCTGGA,k105_25024_target,222,83.5748,0.0,0.0
MSM7J16J,ATGAAAGAACTAAATTTGAAACAGATGGAATCTGTCAATGGTGGTCTGGA,k105_27960_target,222,93.2245,307.0,503.757
PSM7J163,ATGAAAGAGTTAACTATCAACGAAATGGAATCTATCGCAGGCGCTTACAG,k105_8580_target,363,231.327,0.0,0.0
PSM7J1CC,ATGAAAGAACTAAATTTGAAACAGATGGAATCTGTCAATGGTGGTCTGGA,k105_36626_target,222,92.2876,0.0,0.0
MSM9VZFL,ATGAAAAAATTAGGAAAATTAAAGCTGAACAATTTCAGTGAAATGAGTGA,k105_41828_target,249,110.501,0.0,0.0
CSM67UGO,ATGAAAGAACTAAATTTGAAACAGATGGAATCTGTCAATGGTGGTCTGGA,k105_40671_target,222,79.991,3.0,10.7537
CSM67UEA,ATACTTATCAGTTTGAGTAAGACTGAATTACAGAACATTAATGGTGGAGA,k105_49248_target,162,48.5045,0.0,0.0
PSM7J12R,ATGTCAAGTATCAGGACGTTGACTTTTGAGGAAATAACAAAGGTTAGTGG,k105_3479_target,429,282.857,3.0,2.60631
MSM5LLF4,ATGGCAGGTATAAGAGAATTAACTTTAGATGAGATAACGCTTGTCAGCGG,k105_3301_target,363,235.495,13.0,7.61343
MSM79HDC,ATGAGAACTCTGACTCTAAATGAATTAGATTCTGTTTCTGGTGGTGCTTC,k105_36731_target,312,190.13,0.0,0.0
HSM6XRQM,ATGCCGTCGCGTACTACAACCCGGTACGTCTACATAATCAGGAAGATTAT,k105_28003_target,390,258.504,0.0,0.0
CSM7KOJG,ATGAAAGAGTTAACTATCAACGAAATGGAATCTATCGCAGGCGCTTACAG,k105_21717_target,363,221.706,0.0,0.0
PSM7J14L,ATGAGTAAAGTTGAAGTTTTGAATGAAGAAGAATTGACTACTGTAGTTGG,k105_10701_target,363,215.998,0.0,0.0
PSMA265X,ATGAAAGAACTAAATTTGAAACAGATGGAATCTGTCAATGGTGGTCTGGA,k105_18850_target,222,86.6673,3.0,4.73822
HSM6XRQM,ATGAAAGAATTATCTATCATGGAAATGGATTACGTCTCTGGTGCCGCGGA,k105_28003_target,390,258.504,0.0,0.0
PSMA2668,ATGCAAAATGTAAAAGAATTAAGTACGAAAGAGATGAAACAAATTATCGG,k105_19130_target,363,181.578,0.0,0.0
MSMA267V,ATGAAAGAACTAAATTTGAAACAGATGGAATCTGTCAATGGTGGTCTGGA,k105_4739_target,222,82.9479,1.0,3.13515
CSM79HPA,ATGAAAGAACTAAATTTGAAACAGATGGAATCTGTCAATGGTGGTCTGGA,k105_40471_target,222,99.6397,1.0,1.01837
CSM7KOPS,ATGAAAGAACTAAATTTGAAACAGATGGAATCTGTCAATGGTGGTCTGGA,k105_28473_target,222,108.951,1.0,1.30724
CSM7KOKB,ATGAAAGAACTAAATTTGAAACAGATGGAATCTGTCAATGGTGGTCTGGA,k105_4685_target,222,89.1155,33.0,56.1693
CSM5MCUO,ATGTCAGAAAAATTTATTGAGCAAGATTCCAAAATTTTTGAATTGACCGA,k105_14597_target,222,79.3538,2.0,6.744
PSM7J12R,ATGTCAAGTATCAGGACGTTGACTTTTGAGGAAATAACAAAGGTTAGTGG,k105_3479_target,429,282.857,3.0,2.60631
MSM6J2QH,ATGAAAGAACTAAATTTGAAACAGATGGAATCTGTCAATGGTGGTCTGGA,k105_26183_target,222,88.2525,7.0,13.8402
PSM7J12R,ATGAAAGAGTTAACACTGAACGAAATGGAGTATATCTCCGGTGGCTTTAA,k105_3479_target,429,282.857,3.0,2.60631
PSMA266Y,ATGAAAGAACTAAATTTGAAACAGATGGAATCTGTCAATGGTGGTCTGGA,k105_11028_target,222,97.8436,19.0,80.8391
PSM7J163,ATGAAAGAACTAAATCAGGAACAATTATTATCTGTTTCAGGTGCCGGGAT,k105_8580_target,363,231.327,0.0,0.0
HSM7J4G1,ATGAATGAATTAACTTTTGACGAACTTCGACAGATTGATGGAGGATCTTA,k105_27470_target,141,41.9054,0.0,0.0
PSM7J13E,ATGAAAGAACTAAATTTGAAACAGATGGAATCTGTCAATGGTGGTCTGGA,k105_25034_target,222,104.361,0.0,0.0
CSM67UBN,ATGAAAGAACTAAATTTGAAACAGATGGAATCTGTCAATGGTGGTCTGGA,k105_14810_target,222,72.6931,3.0,19.69
CSM7KOTC,ATGAAAGAACTAAATTTGAAACAGATGGAATCTGTCAATGGTGGTCTGGA,k105_12847_target,222,114.233,3.0,3.98642
HSM7CYYH,ATGAGAGAAATATCAGATAACATGCTTGATTCCGTGAAAGGAGGGATGAA,k105_13649_target,333,200.691,0.0,0.0
HSM7CYZV,ATGAAAGAACTAAATTTGAAACAGATGGAATCTGTCAATGGTGGTCTGGA,k105_1752_target,222,79.119,2.0,41.2513
PSM7J163,ATGAAAGAACTAAATCAGGAACAATTATTATCTGTTTCAGGTGCCGGGAT,k105_8580_target,363,231.327,0.0,0.0
HSM67VFZ,ATGAAAGAACTAAATTTGAAACAGATGGAATCTGTCAATGGTGGTCTGGA,k105_16925_target,222,96.431,0.0,0.0
CSM7KOKR,ATGAAAGAACTAAATTTGAAACAGATGGAATCTGTCAATGGTGGTCTGGA,k105_31207_target,222,101.991,4.0,4.90705
MSMA26DO,ATGAACACATTATTGGTAAATGATTTTTGTGAACTTTCAGAAAATGAGTT,k105_31635_target,222,86.5671,3.0,3.95737
CSM7KORK,GTGTACGACAGCAGTGCTACCTTTTGCACCGGGTTTACCCACCCATTTGG,k105_37664_target,408,281.818,0.0,0.0
HSM7CZ3A,ATGAAAGAACTAAATTTGAAACAGATGGAATCTGTCAATGGTGGTCTGGA,k105_11601_target,222,83.8436,1.0,3.47164
MSM79HDM,ATGAAAGAACTAAATTTGAAACAGATGGAATCTGTCAATGGTGGTCTGGA,k105_4834_target,222,88.4556,11.0,20.3779
HSM7CZ1A,ATGAAAGAACTAAATTTGAAACAGATGGAATCTGTCAATGGTGGTCTGGA,k105_18808_target,222,76.3644,0.0,0.0
MSM9VZNX,TTGATTTTGGATGGAGGGATATTTTTGATGGAAGACGAAATAACAAAAAG,k105_30004_target,381,246.081,5.0,3.69193
PSMB4MBK,ATGAAAGAACTAAATTTGAAACAGATGGAATCTGTCAATGGTGGTCTGGA,k105_7904_target,222,103.003,0.0,0.0
PSM7J1BB,ATGAAAGAACTAAATTTGAAACAGATGGAATCTGTCAATGGTGGTCTGGA,k105_42065_target,222,89.9653,3.0,10.9939
CSM7KOJG,ATGAGAACTCTGACTCTAAATGAATTAGATTCTGTTTCTGGTGGTGCTTC,k105_21717_target,363,221.706,0.0,0.0
CSM5MCUO,ATGAAAGAACTAAATTTGAAACAGATGGAATCTGTCAATGGTGGTCTGGA,k105_14597_target,222,79.3538,2.0,6.744
MSM6J2QR,ATGAAAGAACTAAATTTGAAACAGATGGAATCTGTCAATGGTGGTCTGGA,k105_12806_target,222,102.247,0.0,0.0
PSM7J17L,ATGAAAGAACTAAATTTGAAACAGATGGAATCTGTCAATGGTGGTCTGGA,k105_48823_target,222,84.0395,0.0,0.0
HSM7CYYH,GTGGTTAAACGTAAATTTTTACTTCTTCACAAATCTTATAGCGAAGGTGT,k105_13649_target,333,200.691,0.0,0.0
CSM79HH8,ATGAAAGAACTAAATTTGAAACAGATGGAATCTGTCAATGGTGGTCTGGA,k105_27049_target,222,118.802,12.0,10.0681
MSM9VZNX,ATGAACACATTATTGGTAAATGATTTTTGTGAACTTTCAGAAAATGAGTT,k105_30004_target,381,246.081,5.0,3.69193
PSMA269S,ATGAAAGAACTAAATTTGAAACAGATGGAATCTGTCAATGGTGGTCTGGA,k105_18822_target,222,101.767,0.0,0.0
MSM9VZPH,ATGAAAAAATTGAAAGGAAATGCTTTGATGCAGGAACTGAATGTGAATGA,k105_15200_target,189,66.1655,0.0,0.0
PSMA2668,ATGAGTAAAGTTGAAGTTTTGAATGAAGAAGAATTGACTACTGTAGTTGG,k105_19130_target,363,181.578,0.0,0.0
MSM9VZIY,ATGAAAAAATTGAAAGGAAATGCTTTGATGCAGGAACTGAATGTGAATGA,k105_8112_target,189,64.5258,0.0,0.0
MSM6J2QR,ATGAAAGAACTAAATTTGAAACAGATGGAATCTGTCAATGGTGGTCTGGA,k105_12806_target,222,102.247,0.0,0.0
HSM6XRQM,GTGCACGACAGCAGTGCTACCTTTTGCACCGGGTTTACCCACCCATTTGG,k105_28003_target,390,258.504,0.0,0.0
PSMA264S,ATGAAAGAACTAAATTTGAAACAGATGGAATCTGTCAATGGTGGTCTGGA,k105_22662_target,222,93.8952,3.0,3.0934
HSM67VF3,ATGAAAGAACTAAATTTGAAACAGATGGAATCTGTCAATGGTGGTCTGGA,k105_9899_target,222,82.0548,12.0,86.5369
HSMA33IE,ATGAAAGAACTAAATTTGAAACAGATGGAATCTGTCAATGGTGGTCTGGA,k105_5309_target,222,85.8704,22.0,176.505
MSMAPC7R,ATGAAAAAATTAGGAAAATTAAAGCTGAACAATTTCAGTGAAATGAGTGA,k105_29258_target,249,124.639,0.0,0.0
HSMA33RT,ATGAAAGAACTAAATTTGAAACAGATGGAATCTGTCAATGGTGGTCTGGA,k105_33196_target,222,87.433,14.0,25.4342
HSM7J4PM,ATGAAAGAACTAAATTTGAAACAGATGGAATCTGTCAATGGTGGTCTGGA,k105_7704_target,222,100.631,2.0,3.83662
PSM7J14L,ATGCAAAATGTAAAAGAATTAAGTACGAAAGAGATGAAACAAATTATCGG,k105_10701_target,363,215.998,0.0,0.0
HSMA33KE,ATGAAAGAACTAAATTTGAAACAGATGGAATCTGTCAATGGTGGTCTGGA,k105_29222_target,222,82.2617,15.0,40.4935
PSM7J163,ATGAAAGAGTTAACACTGAACGAAATGGAGTATATCTCCGGTGGCTTTAA,k105_8580_target,363,231.327,0.0,0.0
MSM5LLDC,CTCAATATCCGCATTCGAAAGATAACCGAAAATGAAATTCAAAAAGTGAT,k105_10163_target,69,11.0159,0.0,0.0
CSM9X1Y3,ATGAAAGAACTAAATTTGAAACAGATGGAATCTGTCAATGGTGGTCTGGA,k105_21832_target,222,104.124,1.0,2.33996
MSMAPC7R,ATGAAAGAACTAAATTTGAAACAGATGGAATCTGTCAATGGTGGTCTGGA,k105_29258_target,249,124.639,0.0,0.0
PSM7J199,ATGAAAGAGTTAAGTAATGAAGAATTGAAAAATGTGAATGGTGGTATAGG,k105_35379_target,222,88.9198,2.0,3.64489
MSM6J2QR,TTGATGTATTGTAAAATTATTAATGTTATGAAAAGAGAACTTTCAAGAGA,k105_12806_target,222,102.62,0.0,0.0
MSM6J2Q1,ATGAAAGAACTAAATTTGAAACAGATGGAATCTGTCAATGGTGGTCTGGA,k105_50951_target,222,78.1116,0.0,0.0
PSMA2668,ATGAAACAACTCACTGTATTTGAAATGGAAGAGATTTCTGGTGGCTACTC,k105_19130_target,363,181.165,0.0,0.0
MSM6J2LJ,ATGGCAGGTATAAGAGAATTAACTTTAGATGAGATAACGCTTGTCAGCGG,k105_3716_target,363,221.802,2.0,6.21234
MSM9VZNX,ATGAACACATTATTGGTAAATGATTTTTGTGAACTTTCAGAAAATGAGTT,k105_30004_target,381,246.081,5.0,3.69193
CSM79HIZ,ATGAAAGAACTAAATTTGAAACAGATGGAATCTGTCAATGGTGGTCTGGA,k105_27502_target,222,71.1077,10.0,45.2446
CSM67UAU,ATGAAAGAACTAAATTTGAAACAGATGGAATCTGTCAATGGTGGTCTGGA,k105_46205_target,222,84.1805,13.0,77.5653
MSM79H5Q,ATGAAAGAACTAAATTTGAAACAGATGGAATCTGTCAATGGTGGTCTGGA,k105_22377_target,222,92.2304,8.0,19.7793
PSM6XBQY_TR,ATGAAAGAACTAAATTTGAAACAGATGGAATCTGTCAATGGTGGTCTGGA,k105_9908_target,222,82.0958,0.0,0.0
HSMA33JD,ATGAAAGAACTAAATTTGAAACAGATGGAATCTGTCAATGGTGGTCTGGA,k105_10181_target,222,113.083,0.0,0.0
MSM79H7Q,ATGAAAGAACTAAATTTGAAACAGATGGAATCTGTCAATGGTGGTCTGGA,k105_11598_target,222,100.72,0.0,0.0
PSMA267R,ATGAAAGAACTAAATTTGAAACAGATGGAATCTGTCAATGGTGGTCTGGA,k105_34109_target,222,92.298,1.0,1.38919
HSM7CZ1Z,ATGAAAGAACTAAATTTGAAACAGATGGAATCTGTCAATGGTGGTCTGGA,k105_3706_target,222,87.1505,5.0,23.8805
HSMA33OD,ATGAAAGAACTAAATTTGAAACAGATGGAATCTGTCAATGGTGGTCTGGA,k105_8908_target,222,90.2788,10.0,20.213
CSM79HR8,ATGAAAGAACTAAATTTGAAACAGATGGAATCTGTCAATGGTGGTCTGGA,k105_2331_target,222,77.32,5.0,57.1088
HSM5MD6Y,ATGAAAGAACTAAATTTGAAACAGATGGAATCTGTCAATGGTGGTCTGGA,k105_10328_target,222,101.346,3.0,6.35895
MSM9VZMA_TR,ATGAAAAAATTAGGAAAATTAAAGCTGAACAATTTCAGTGAAATGAGTGA,k105_8746_target,249,124.093,1.0,0.528562
PSM7J1CI,ATGAAAGAACTAAATTTGAAACAGATGGAATCTGTCAATGGTGGTCTGGA,k105_25767_target,222,115.323,0.0,0.0
PSM7J15Q,ATGGAAAAAGTCTATGGATATTATGGGTATACCTTTTGCTCACTATTGCA,k105_22109_target,348,218.455,0.0,0.0
HSMA33P6,ATGAAAGAACTAAATTTGAAACAGATGGAATCTGTCAATGGTGGTCTGGA,k105_40576_target,222,86.2118,2.0,3.4088
MSM9VZMA_TR,ATGAAAGAACTAAATTTGAAACAGATGGAATCTGTCAATGGTGGTCTGGA,k105_8746_target,249,124.093,1.0,0.528562
HSMA33Q6,ATGAAAGAACTAAATTTGAAACAGATGGAATCTGTCAATGGTGGTCTGGA,k105_12107_target,222,76.6115,4.0,16.1942
PSM6XBVK,ATGAAAGAACTAAATTTGAAACAGATGGAATCTGTCAATGGTGGTCTGGA,k105_23873_target,222,90.2391,6.0,15.6767
PSM7J14L,ATGCCATCGCGTACTACAACCCGGTACGTCTACTTAATCAGGAAGATTAT,k105_10701_target,363,215.998,0.0,0.0
MSM6J2MJ,GCAGGTATAAGAGAATTAACTTTAGATGAGATAACGCTTGTCAGCGGAGG,k105_5911_target,360,220.62,3.0,27.8999
MSM5LLDK,GTGGTTAAACGTGAATTTTTACTTCTTCACAAATCTTATAGCGAAGGTGT,k105_6502_target,333,189.582,0.0,0.0
MSM6J2PS,ATGAAAGAACTAAATTTGAAACAGATGGAATCTGTCAATGGTGGTCTGGA,k105_15315_target,222,113.174,0.0,0.0
HSM6XRSI,ATGCCATCGCGTACTACAACCCGGTACGTCTACTTAATCAGGAAGATTAT,k105_9798_target,342,203.91,0.0,0.0
PSMA267P,ATGAAAGAACTAAATTTGAAACAGATGGAATCTGTCAATGGTGGTCTGGA,k105_22028_target,222,95.7027,2.0,1.80325
MSM6J2HP,ATGAAAGAACTAAATTTGAAACAGATGGAATCTGTCAATGGTGGTCTGGA,k105_29591_target,222,95.0997,1.0,1.51397
PSM7J17F,ATGCCATCGCGTACTACAACCCGGTACGTCTACTTAATCAGGAAGATTAT,k105_28_target,363,165.203,0.0,0.0
PSM7J163,ATGGAAAAGTTAATGGTATTAAATGAAGAAAAATTGAGTTATGTAATTGG,k105_8580_target,363,231.327,0.0,0.0
CSM67UAW,ATGAAAGAACTAAATTTGAAACAGATGGAATCTGTCAATGGTGGTCTGGA,k105_25400_target,222,78.6188,0.0,0.0
CSM79HIX,ATGAAAGAACTAAATTTGAAACAGATGGAATCTGTCAATGGTGGTCTGGA,k105_20005_target,222,88.8691,95.0,408.893
CSM5MCX3,GTGTTCAAAATGGCAGAAAAATTTATTGAGCAAGATTCCAAAATTTTTGA,k105_54583_target,312,153.95,1.0,2.56967
CSM79HIB,ATGCCATCGCGTACTACAACCCGGTACGTCTACTTAATCAGGAAGATTAT,k105_22372_target,363,187.61,0.0,0.0
CSM7KON8,ATGAAAGAACTAAATTTGAAACAGATGGAATCTGTCAATGGTGGTCTGGA,k105_11294_target,222,92.1482,0.0,0.0
PSM6XBQY,ATGAAAGAACTAAATTTGAAACAGATGGAATCTGTCAATGGTGGTCTGGA,k105_6723_target,222,77.2806,1.0,4.10185
CSM9X1ZC,ATGAAAGAACTAAATTTGAAACAGATGGAATCTGTCAATGGTGGTCTGGA,k105_18007_target,222,76.4873,7.0,28.9944
HSM7J4G1,ATGAATGAATTAACTTTTGACGAACTTCGACAGATTGATGGAGGATCTTA,k105_27470_target,141,41.9054,0.0,0.0
MSM6J2OP,ATGAAAGAACTAAATTTGAAACAGATGGAATCTGTCAATGGTGGTCTGGA,k105_7477_target,222,83.6478,0.0,0.0
HSMA33J5,ATGAAAGAACTAAATTTGAAACAGATGGAATCTGTCAATGGTGGTCTGGA,k105_1415_target,222,92.5751,0.0,0.0
CSM7KOU9,ATGAAAAAATTAGGAAAATTAAAGCTGAACAATTTCAGTGAAATGAGTGA,k105_12059_target,249,136.508,0.0,0.0
CSM5MCWE,ATGAGAACTCTGACTCTAAATGAATTAGATTCTGTTTCTGGTGGTGCTTC,k105_17274_target,93,18.7649,0.0,0.0
PSM7J17L,ATGAAAGAACTAAATTTGAAACAGATGGAATCTGTCAATGGTGGTCTGGA,k105_48823_target,222,84.0395,0.0,0.0
HSM7J4NO,ATGAAAGAACTAAATTTGAAACAGATGGAATCTGTCAATGGTGGTCTGGA,k105_1959_target,222,103.366,1.0,0.778865
MSM79H7C,ATGAAAAAATTAGGAAAATTAAAGCTGAACAATTTCAGTGAAATGAGTGA,k105_480_target,249,111.848,0.0,0.0
HSMA33R5,ATGGAACTCAGCGAAGAACTGATTGCAAAAGCAAAAGGAACAAAGACACC,k105_6890_target,222,93.4202,58.0,266.172
HSM7CZ38,ATGAATAAAAAAGAAAACAAAGAAAAAAAGGATATTTTAAATGCAGAAGA,k105_14914_target,159,44.976,0.0,0.0
HSMA33SG,ATGAAAGAACTAAATTTGAAACAGATGGAATCTGTCAATGGTGGTCTGGA,k105_7016_target,222,114.3,44.0,43.2815
HSM7CZ38,ATGAATAAAAAAGAAAACAAAGAAAAAAAGGATATTTTAAATGCAGAAGA,k105_14914_target,159,44.976,0.0,0.0
PSM6XBVI,ATGAAAGAACTAAATTTGAAACAGATGGAATCTGTCAATGGTGGTCTGGA,k105_25796_target,222,92.7646,0.0,0.0
PSM7J163,ATGATTGAAATTACTTCTCAGGATTTAACAGTAGTCTCAGGAGCTGGTGA,k105_8580_target,363,231.327,0.0,0.0
CSM7KORK,ATGAAAGAACTAAATTTGAAACAGATGGAATCTGTCAATGGTGGTCTGGA,k105_37664_target,408,281.818,0.0,0.0
CSM7KORG,ATGCCGTCGCGTACTACAACCCGGTACGTCTACATAATCAGGAAGATTAT,k105_18087_target,393,263.041,0.0,0.0
MSM6J2LJ,TTGATTTTGGATGGAGGGATATTTTTGATGGAAGACGAAATAACAAAAAG,k105_3716_target,363,221.594,2.0,6.21452
PSM7J12R,TTGTGCATACATTTCATCCGTGTGATAGTGGAAGAGCACTTTTTGTTAAG,k105_3479_target,429,282.857,3.0,2.60631
HSM67VFR,ATGAAAGAACTAAATTTGAAACAGATGGAATCTGTCAATGGTGGTCTGGA,k105_12166_target,222,86.8543,0.0,0.0
CSM7KOKZ,ATGAAAGAACTAAATTTGAAACAGATGGAATCTGTCAATGGTGGTCTGGA,k105_42870_target,222,103.988,5.0,8.59312
HSMA33R5,ATGAAAGAACTAAATTTGAAACAGATGGAATCTGTCAATGGTGGTCTGGA,k105_6890_target,222,93.4202,58.0,266.172
MSMB4LYB,ATGAAAAAATTGAAAGGAAATGCTTTGATGCAGGAACTGAATGTGAATGA,k105_36635_target,189,74.4956,0.0,0.0
CSM7KOSL,ATGAAGCCGTTGAATGATGACGATATGGAAAATGTATCCGGCGGCTGGAA,k105_4521_target,75,11.4396,0.0,0.0
PSM7J14L,ATGGAAAAGTTAATGGTATTAAATGAAGAAAAATTGAGTTATGTAATTGG,k105_10701_target,363,215.998,0.0,0.0
CSM7KOTK,ATGAAAGAACTAAATTTGAAACAGATGGAATCTGTCAATGGTGGTCTGGA,k105_52424_target,222,89.4426,5.0,16.1416
CSM5MCUO,ATGTCAGAAAAATTTATTGAGCAAGATTCCAAAATTTTTGAATTGACCGA,k105_14597_target,222,79.3538,2.0,6.744
MSMA26BX,ATGAAAGAACTAAATTTGAAACAGATGGAATCTGTCAATGGTGGTCTGGA,k105_43620_target,222,94.1312,1.0,2.7083
PSMA2668,ATGCCATCGCGTACTACAACCCGGTACGTCTACTTAATCAGGAAGATTAT,k105_19130_target,363,181.578,0.0,0.0
MSM9VZKE,ATGAAAGAACTAAATTTGAAACAGATGGAATCTGTCAATGGTGGTCTGGA,k105_29465_target,249,117.767,0.0,0.0
MSM79HAJ,ATGCAACTCGCCACACTTCAGGAACTGAGCTTCGATGAAATCGACCAGGT,k105_78008_target,363,258.982,0.0,0.0
MSM9VZKE,ATGAAAAAATTAGGAAAATTAAAGCTGAACAATTTCAGTGAAATGAGTGA,k105_29465_target,249,117.767,0.0,0.0
CSM7KORK,ATGCCGTCGCGTACTACAACCCGGTACGTCTACATAATCAGGAAGATTAT,k105_37664_target,408,281.818,0.0,0.0
MSM6J2MH,ATGGCAGGTATAAGAGAATTAACTTTAGATGAGATAACGCTTGTCAGCGG,k105_4751_target,363,217.223,15.0,40.8156
CSM7KOO9,ATGAAAGAACTAAATTTGAAACAGATGGAATCTGTCAATGGTGGTCTGGA,k105_21230_target,222,82.783,6.0,13.9004
HSM5MD6A_TR,ATGAAAGAACTAAATTTGAAACAGATGGAATCTGTCAATGGTGGTCTGGA,k105_31160_target,222,106.864,9.0,13.5195
CSM67UEI,ATGAGAACTCTGACTCTAAATGAATTAGATTCTGTTTCTGGTGGTGCTTC,k105_8587_target,312,171.212,0.0,0.0
HSMA33LH_TR,ATGAAAGAACTAAATTTGAAACAGATGGAATCTGTCAATGGTGGTCTGGA,k105_35845_target,222,98.4647,121.0,87.7371
CSM5MCVN,ATGAAAGAACTAAATTTGAAACAGATGGAATCTGTCAATGGTGGTCTGGA,k105_7816_target,222,77.7595,13.0,61.9075
CSM67U9D,ATGAAAGAACTAAATTTGAAACAGATGGAATCTGTCAATGGTGGTCTGGA,k105_28352_target,222,86.7645,0.0,0.0
HSM67VGG,ATGAAAGAACTAAATTTGAAACAGATGGAATCTGTCAATGGTGGTCTGGA,k105_56448_target,222,113.349,0.0,0.0
HSM6XRQW,ATGAAAGAACTAAATTTGAAACAGATGGAATCTGTCAATGGTGGTCTGGA,k105_16858_target,222,92.9758,4.0,18.0423
PSM7J14X,ATGAAAGAACTAAATTTGAAACAGATGGAATCTGTCAATGGTGGTCTGGA,k105_69438_target,222,97.3639,0.0,0.0
PSMA265T,ATGAAAGAACTAAATTTGAAACAGATGGAATCTGTCAATGGTGGTCTGGA,k105_24295_target,222,84.9573,0.0,0.0
ESM5MECL,ATGAAAGAACTAAATTTGAAACAGATGGAATCTGTCAATGGTGGTCTGGA,k105_14125_target,222,88.516,6.0,15.3865
CSM9X1Z4,ATGAAAGAACTAAATTTGAAACAGATGGAATCTGTCAATGGTGGTCTGGA,k105_32615_target,222,100.596,2.0,1.82509
HSM7CYZJ,ATGGAACTCAGCGAAGAACTGATTGCAAAAGCAAAAGGAACAAAGACACC,k105_36111_target,390,232.277,0.0,0.0
HSM67VHW,ATGAAAGAACTAAATTTGAAACAGATGGAATCTGTCAATGGTGGTCTGGA,k105_40422_target,222,103.31,251.0,409.457
PSM7J163,ATGAGTAAAGTTGAAGTTTTGAATGAAGAAGAATTGACTACTGTAGTTGG,k105_8580_target,363,231.327,0.0,0.0
PSM7J163,ATGAAACAACTCACTGTATTTGAAATGGAAGAGATTTCTGGTGGCTACTC,k105_8580_target,363,231.327,0.0,0.0
MSM6J2HT,ATGAAAGAACTAAATTTGAAACAGATGGAATCTGTCAATGGTGGTCTGGA,k105_23922_target,222,79.1424,0.0,0.0
HSMA33JB,ATGAAAGAACTAAATTTGAAACAGATGGAATCTGTCAATGGTGGTCTGGA,k105_11346_target,222,75.4079,0.0,0.0
HSM6XRVW,ATGAAAGAACTAAATTTGAAACAGATGGAATCTGTCAATGGTGGTCTGGA,k105_29331_target,222,105.855,1.0,1.40613
MSM6J2JD,ATGAAAAAATTAGGAAAATTAAAGCTGAACAATTTCAGTGAAATGAGTGA,k105_29524_target,249,250.0,0.0,
PSMB4MC5,ATGAAAGAACTAAATTTGAAACAGATGGAATCTGTCAATGGTGGTCTGGA,k105_12783_target,222,91.2987,3.0,14.6877
CSM5MCXN,ATGAAAGAACTAAATTTGAAACAGATGGAATCTGTCAATGGTGGTCTGGA,k105_12026_target,222,90.4894,8.0,10.8703
HSM7J4M8,ATGAAAGAACTAAATTTGAAACAGATGGAATCTGTCAATGGTGGTCTGGA,k105_58254_target,222,112.163,3.0,3.35483
MSM6J2JD,ATGAAAGAACTAAATTTGAAACAGATGGAATCTGTCAATGGTGGTCTGGA,k105_29524_target,249,250.0,0.0,
PSM7J14L,ATGAAAGAGTTAACTATCAACGAAATGGAATCTATCGCAGGCGCTTACAG,k105_10701_target,363,215.998,0.0,0.0
MSM79H7G,ATGAAAAAATTAGGAAAATTAAAGCTGAACAATTTCAGTGAAATGAGTGA,k105_1661_target,249,101.157,4.0,11.0303
HSM7J4KK,ATGAAAGAACTAAATTTGAAACAGATGGAATCTGTCAATGGTGGTCTGGA,k105_19268_target,222,73.2508,0.0,0.0
PSM7J163,ATGAAACAACTCACTGTATTTGAAATGGAAGAGATTTCTGGTGGCTACTC,k105_8580_target,363,231.327,0.0,0.0
MSMA26DM,ATGAAAGAACTAAATTTGAAACAGATGGAATCTGTCAATGGTGGTCTGGA,k105_52415_target,222,84.9568,37.0,66.2631
ESM5GEXY,ATGAAAGAACTAAATTTGAAACAGATGGAATCTGTCAATGGTGGTCTGGA,k105_19445_target,222,69.5761,10.0,66.2874
MSMAPC59,ATGAACACATTATTGGTAAATGATTTTTGTGAACTTTCAGAAAATGAGTT,k105_34700_target,222,93.2453,4.0,6.50163
PSM7J163,ATGAGTAAAGTTGAAGTTTTGAATGAAGAAGAATTGACTACTGTAGTTGG,k105_8580_target,363,231.327,0.0,0.0
PSM7J12R,ATGCCATCGCGTACTACAACCCGGTACGTCTACTTAATCAGGAAGATTAT,k105_3479_target,429,282.857,3.0,2.60631
HSM7J4MK,ATGAAAGAACTAAATTTGAAACAGATGGAATCTGTCAATGGTGGTCTGGA,k105_15047_target,222,77.3962,3.0,18.5306
HSM6XRV4,ATGAAAGAACTAAATTTGAAACAGATGGAATCTGTCAATGGTGGTCTGGA,k105_5727_target,222,78.3878,0.0,0.0
PSM7J12R,TTGTGCATACATTTCATCCGTGTGATAGTGGAAGAGCACTTTTTGTTAAG,k105_3479_target,429,282.857,3.0,2.60631
CSM7KORG,ATGCTACTTTTCGCCTCGGGTTTACACCCGTTTGGGAAATATTCACTACA,k105_18087_target,393,263.041,0.0,0.0
CSM79HOL,ATGAAAGAACTAAATTTGAAACAGATGGAATCTGTCAATGGTGGTCTGGA,k105_12515_target,222,72.482,0.0,0.0
MSM79H9W,ATGAAAGAACTAAATTTGAAACAGATGGAATCTGTCAATGGTGGTCTGGA,k105_73219_target,222,105.807,2.0,3.44931
HSM6XRSG,ATGAAAGAACTAAATTTGAAACAGATGGAATCTGTCAATGGTGGTCTGGA,k105_3441_target,222,78.4916,3.0,21.3205
PSM7J14L,ATGAAAGAACTAAATCAGGAACAATTATTATCTGTTTCAGGTGCCGGGAT,k105_10701_target,363,215.998,0.0,0.0
MSMB4LYH,ATGAAAGAACTAAATTTGAAACAGATGGAATCTGTCAATGGTGGTCTGGA,k105_77746_target,222,90.4509,2.0,0.957935
MSM9VZIQ,ATGAAAGAACTAAATTTGAAACAGATGGAATCTGTCAATGGTGGTCTGGA,k105_37194_target,222,108.629,0.0,0.0
MSMAPC5D,ATGAAAGAACTAAATTTGAAACAGATGGAATCTGTCAATGGTGGTCTGGA,k105_16407_target,222,92.7421,0.0,0.0
HSM6XRQM,ATGAAAGAATTATCTATCATGGAAATGGATTACGTCTCTGGTGCCGCGGA,k105_28003_target,390,258.504,0.0,0.0
HSMA33MS,ATGAAAGAACTAAATTTGAAACAGATGGAATCTGTCAATGGTGGTCTGGA,k105_2082_target,222,89.3056,0.0,0.0
MSM6J2K6,ATGAAAGAACTAAATTTGAAACAGATGGAATCTGTCAATGGTGGTCTGGA,k105_14172_target,222,91.2021,4.0,20.1081
MSMAPC7J,ATGAAACAATTAACTGTATTTGAAATGGAAGAGATTTCTGGCGGCTACTC,k105_21307_target,363,239.452,0.0,0.0
MSM9VZNH_TR,ATGAAAGAACTAAATTTGAAACAGATGGAATCTGTCAATGGTGGTCTGGA,k105_33100_target,222,111.316,0.0,0.0
PSM7J17L,ATGAAAGAGTTAAGTAATGAAGAATTGAAAAATGTGAATGGTGGTATAGG,k105_48823_target,222,84.0395,0.0,0.0
CSM7KORO,ATGAAAGAACTAAATTTGAAACAGATGGAATCTGTCAATGGTGGTCTGGA,k105_5685_target,222,85.7111,0.0,0.0
CSM5MCX3,ATGAGAACTCTGACTCTAAATGAATTAGATTCTGTTTCTGGTGGTGCTTC,k105_54583_target,312,153.95,1.0,2.56967
MSM9VZI2,ATGAAAAAATTAGGAAAATTAAAGCTGAACAATTTCAGTGAAATGAGTGA,k105_16153_target,249,108.346,0.0,0.0
HSM7CYYH,ATGGGATTCGAAAGATTCTGGTCTGGTCAGGCTGGAAAAACGGAAGTTAA,k105_13649_target,333,200.691,0.0,0.0
MSM9VZMA,ATGAAAAAATTAGGAAAATTAAAGCTGAACAATTTCAGTGAAATGAGTGA,k105_11120_target,249,137.987,2.0,0.668042
CSM5MCUO,ATGAAAGAACTAAATTTGAAACAGATGGAATCTGTCAATGGTGGTCTGGA,k105_14597_target,222,79.3538,2.0,6.744
MSM9VZNX,TTGCGAGTGTACTGTTTTTATTTGTTTTATCTTTCTTTAATAAAAAGAGG,k105_30004_target,381,246.081,5.0,3.69193
MSM6J2LL,ATGGCAGGTATAAGAGAATTAACTTTAGATGAGATAACGCTTGTCAGCGG,k105_4524_target,363,217.147,2.0,8.40132
MSM79HDQ,ATGAAAGAACTAAATTTGAAACAGATGGAATCTGTCAATGGTGGTCTGGA,k105_14985_target,222,69.9082,2.0,6.95615
MSM79HDQ_TR,ATGAAAGAACTAAATTTGAAACAGATGGAATCTGTCAATGGTGGTCTGGA,k105_10334_target,222,90.6421,8.0,21.7883
MSM9VZMA,ATGAAAGAACTAAATTTGAAACAGATGGAATCTGTCAATGGTGGTCTGGA,k105_11120_target,249,137.987,2.0,0.668042
PSMA264U,ATGAAAGAACTAAATTTGAAACAGATGGAATCTGTCAATGGTGGTCTGGA,k105_32910_target,222,91.9923,5.0,7.52145
CSM79HIB,ATGAGAACTCTGACTCTAAATGAATTAGATTCTGTTTCTGGTGGTGCTTC,k105_22372_target,363,187.487,0.0,0.0
MSMAPC7T,ATGAAAAAATTAGGAAAATTAAAGCTGAACAATTTCAGTGAAATGAGTGA,k105_10280_target,249,120.183,6.0,3.20833
HSMA33IC,ATGAAAGAACTAAATTTGAAACAGATGGAATCTGTCAATGGTGGTCTGGA,k105_46866_target,222,98.1823,10.0,14.1489
PSM7J14L,ATGAAAGAACTAAATCAGGAACAATTATTATCTGTTTCAGGTGCCGGGAT,k105_10701_target,363,215.998,0.0,0.0
PSM7J14L,ATGCAAAATGTAAAAGAATTAAGTACGAAAGAGATGAAACAAATTATCGG,k105_10701_target,363,215.998,0.0,0.0
CSM7KOSL,ATGAAGCCGTTGAATGATGACGATATGGAAAATGTATCCGGCGGCTGGAA,k105_4521_target,75,11.4396,0.0,0.0
PSMA266U,ATGAAAGAACTAAATTTGAAACAGATGGAATCTGTCAATGGTGGTCTGGA,k105_11353_target,222,85.572,2.0,5.63817
MSMAPC7T,ATGAAAGAACTAAATTTGAAACAGATGGAATCTGTCAATGGTGGTCTGGA,k105_10280_target,249,120.183,6.0,3.20833
CSM79HO1,ATGAGAACTCTGACTCTAAATGAATTAGATTCTGTTTCTGGTGGTGCTTC,k105_18138_target,312,173.236,1.0,1.27677
PSM7J14L,TTGATAATGAAAGAATTAAATTGTGCTGAAATTGAACTGGTTTCCGGTGC,k105_10701_target,363,215.998,0.0,0.0
PSM7J12R,ATGCCATCGCGTACTACAACCCGGTACGTCTACTTAATCAGGAAGATTAT,k105_3479_target,429,282.857,3.0,2.60631
MSM5LLDA,ATGAAAAAATTAGGAAAATTAAAGCTGAACAATTTCAGTGAAATGAGTGA,k105_18587_target,249,135.518,0.0,0.0
HSM6XRR7,ATGAAAGAACTAAATTTGAAACAGATGGAATCTGTCAATGGTGGTCTGGA,k105_23594_target,222,100.539,1.0,2.3561
MSM9VZPL,ATGAAAAAATTGAAAGGAAATGCTTTGATGCAGGAACTGAATGTGAATGA,k105_10124_target,189,81.7956,0.0,0.0
PSMA269W,ATGAAAGAACTAAATTTGAAACAGATGGAATCTGTCAATGGTGGTCTGGA,k105_16688_target,222,99.1233,4.0,9.05219
CSM67UB3,ATGAAAGAACTAAATTTGAAACAGATGGAATCTGTCAATGGTGGTCTGGA,k105_31144_target,222,85.0403,3.0,78.3907
MSM9VZNX,TTGATTTTGGATGGAGGGATATTTTTGATGGAAGACGAAATAACAAAAAG,k105_30004_target,381,246.081,5.0,3.69193
PSM7J14L,ATGAAAGAGTTAACACTGAACGAAATGGAGTATATCTCCGGTGGCTTTAA,k105_10701_target,363,215.232,0.0,0.0
PSM7J163,TTGATAATGAAAGAATTAAATTGTGCTGAAATTGAACTGGTTTCCGGTGC,k105_8580_target,363,231.327,0.0,0.0
MSM6J2LL,TTGATTTTGGATGGAGGGATATTTTTGATGGAAGACGAAATAACAAAAAG,k105_4524_target,363,217.147,2.0,8.40132
PSM7J163,ATGAAAGAGTTAACTATCAACGAAATGGAATCTATCGCAGGCGCTTACAG,k105_8580_target,363,231.327,0.0,0.0
PSMA26A3,ATGAAAGAACTAAATTTGAAACAGATGGAATCTGTCAATGGTGGTCTGGA,k105_7183_target,222,93.3649,0.0,0.0
HSMA33MA,ATGAAAGAACTAAATTTGAAACAGATGGAATCTGTCAATGGTGGTCTGGA,k105_5607_target,222,80.708,8.0,18.1212
HSM6XRST,ATGAAAGAACTAAATTTGAAACAGATGGAATCTGTCAATGGTGGTCTGGA,k105_38100_target,222,75.4309,3.0,11.8654
HSMA33NA,ATGAAAGAACTAAATTTGAAACAGATGGAATCTGTCAATGGTGGTCTGGA,k105_12203_target,222,96.3947,9.0,96.2606
MSM9VZES,ATGAAAGAACTAAATTTGAAACAGATGGAATCTGTCAATGGTGGTCTGGA,k105_28153_target,222,65.9512,32.0,238.709
HSM7CYYH,ATGAAAGAACTAAATTTGAAACAGATGGAATCTGTCAATGGTGGTCTGGA,k105_13649_target,333,200.691,0.0,0.0
MSMAPC7J,ATGAAAGAATTAACTATTGGCGAAATGGAATCTATTTCTGGTGGTTTTAA,k105_21307_target,363,239.452,0.0,0.0
HSM6XRQM,GTGCACGACAGCAGTGCTACCTTTTGCACCGGGTTTACCCACCCATTTGG,k105_28003_target,390,258.504,0.0,0.0
HSMA33IA,ATGAAAGAACTAAATTTGAAACAGATGGAATCTGTCAATGGTGGTCTGGA,k105_40472_target,222,89.0829,0.0,0.0
HSMA33M2,ATGAAAGAACTAAATTTGAAACAGATGGAATCTGTCAATGGTGGTCTGGA,k105_20110_target,222,85.3057,1.0,2.99965
MSM79HAJ,ATGAAAGAATTAAATATAAATGAAATGAAAAGTATTGAAGGGGGAACTGG,k105_78008_target,363,258.954,0.0,0.0
HSM7J4PI,ATGAAAGAACTAAATTTGAAACAGATGGAATCTGTCAATGGTGGTCTGGA,k105_19033_target,222,86.5166,25.0,91.637
MSM5LLDQ,ATGAAAAAATTAGGAAAATTAAAGCTGAACAATTTCAGTGAAATGAGTGA,k105_1595_target,249,114.208,0.0,0.0
HSM7J4NY,ATGGAACTCAGCGAAGAACTGATTGCAAAAGCAAAAGGAACAAAGACACC,k105_32696_target,306,159.919,0.0,0.0
HSM6XRQU,ATGAAAGAACTAAATTTGAAACAGATGGAATCTGTCAATGGTGGTCTGGA,k105_1832_target,222,97.0046,30.0,73.0201
MSM9VZEY,TTGATTTTGGATGGAGGGATATTTTTGATGGAAGACGAAATAACAAAAAG,k105_25608_target,219,108.751,0.0,0.0
MSM79H8L,ATGAGAACTCTGACTCTAAATGAATTAGATTTTGTTTCTGGTGGTGCTTC,k105_4004_target,312,196.103,1.0,2.10995
PSM7J163,ATGCCATCGCGTACTACAACCCGGTACGTCTACTTAATCAGGAAGATTAT,k105_8580_target,363,231.327,0.0,0.0
HSM7J4MY,ATGAAAGAACTAAATTTGAAACAGATGGAATCTGTCAATGGTGGTCTGGA,k105_35964_target,222,91.046,3.0,7.25226
PSM7J199,ATGAAAGAACTAAATTTGAAACAGATGGAATCTGTCAATGGTGGTCTGGA,k105_35379_target,222,88.9198,2.0,3.64489
HSMA33O3,AGGCGGCATCCGAAAAGCCATAATAGAGTAGGATTTTTTTTAATATTATT,k105_2572_target,276,122.245,13.0,49.9461
HSMA33J3,ATGAAAGAACTAAATTTGAAACAGATGGAATCTGTCAATGGTGGTCTGGA,k105_6890_target,222,102.418,23.0,39.5185
PSM7J19J,ATGAAAGAACTAAATTTGAAACAGATGGAATCTGTCAATGGTGGTCTGGA,k105_51464_target,222,85.8782,0.0,0.0
MSM9VZJB,ATGAAAGAACTAAATTTGAAACAGATGGAATCTGTCAATGGTGGTCTGGA,k105_11266_target,222,69.7083,92.0,541.567
MSM9VZHB,ATGAAAGAACTAAATTTGAAACAGATGGAATCTGTCAATGGTGGTCTGGA,k105_36643_target,342,219.777,0.0,0.0
PSMA265L,GTGCCGCTTATGAGAAAACTGTCTAAAAAAGAAGCAAAAAACGTAACGGG,k105_42384_target,150,45.5562,0.0,0.0
CSM79HI7,ATGCCATCGCGTACTACAACCCGGTACGTCTACTTAATCAGGAAGATTAT,k105_10292_target,363,213.405,0.0,0.0
CSM7KOJG,ATGCCATCGCGTACTACAACCCGGTACGTCTACTTAATCAGGAAGATTAT,k105_21717_target,363,221.706,0.0,0.0
MSM79H5E,ATGAAAGAACTAAATTTGAAACAGATGGAATCTGTCAATGGTGGTCTGGA,k105_38601_target,222,76.1943,0.0,0.0
MSMB4LZK,ATGAAAGAACTAAATTTGAAACAGATGGAATCTGTCAATGGTGGTCTGGA,k105_15635_target,222,104.537,5.0,5.00933
MSM79HBB,ATGAAAGAACTAAATTTGAAACAGATGGAATCTGTCAATGGTGGTCTGGA,k105_42060_target,222,105.11,1.0,1.61617
MSM79HAJ,ATGGGAAGCCTAAAGGAGATATATGAAATGAAAGAACTCAATGACATTGA,k105_78008_target,363,258.954,0.0,0.0
MSMB4LZ8,ATGAAAGAACTAAATTTGAAACAGATGGAATCTGTCAATGGTGGTCTGGA,k105_20945_target,249,130.72,0.0,0.0
CSM5MCWC,ATGAGAACTCTGACTCTAAATGAATTAGATTCTGTTTCTGGTGGTGCTTC,k105_21903_target,93,17.2751,0.0,0.0
PSMA2675,ATGAAAGAACTAAATTTGAAACAGATGGAATCTGTCAATGGTGGTCTGGA,k105_21836_target,222,96.9689,3.0,4.49502
MSM79HDI,TTGATTTTGGATGGAGGGATATTTTTGATGGAAGACGAAATAACAAAAAG,k105_24444_target,219,90.4862,0.0,0.0
CSM9X1XU,ATGAAAGAACTAAATTTGAAACAGATGGAATCTGTCAATGGTGGTCTGGA,k105_4980_target,222,72.3975,9.0,14.1819
CSM67UA2,ATGAAAGAACTAAATTTGAAACAGATGGAATCTGTCAATGGTGGTCTGGA,k105_6562_target,222,76.1688,0.0,0.0
MSMB4LZ8,ATGAAAAAATTAGGAAAATTAAAGCTGAACAATTTCAGTGAAATGAGTGA,k105_20945_target,249,130.923,0.0,0.0
MSMA26DO,ATGAAAGAACTAAATTTGAAACAGATGGAATCTGTCAATGGTGGTCTGGA,k105_31635_target,222,86.5671,3.0,3.95737
